,Player,G,GS,MP,FG,FGA,eFG%,TRB,AST,STL,BLK,PF,PTS,Prediction,Actual
0,Alex Abrines,31,2,19.0,1.8,5.1,0.48700000000000004,1.5,0.6,0.5,0.2,1.7,5.3,False,False
1,Quincy Acy,10,0,12.3,0.4,1.8,0.278,2.5,0.8,0.1,0.4,2.4,1.7,False,False
2,Jaylen Adams,34,1,12.6,1.1,3.2,0.45899999999999996,1.8,1.9,0.4,0.1,1.3,3.2,False,False
3,Steven Adams,80,80,33.4,6.0,10.1,0.595,9.5,1.6,1.5,1.0,2.6,13.9,False,False
4,Bam Adebayo,82,28,23.3,3.4,5.9,0.579,7.3,2.2,0.9,0.8,2.5,8.9,False,False
5,Deng Adel,19,3,10.2,0.6,1.9,0.389,1.0,0.3,0.1,0.2,0.7,1.7,False,False
6,DeVaughn Akoon-Purcell,7,0,3.1,0.4,1.4,0.3,0.6,0.9,0.3,0.0,0.6,1.0,False,False
7,LaMarcus Aldridge,81,81,33.2,8.4,16.3,0.522,9.2,2.4,0.5,1.3,2.2,21.3,True,True
8,Rawle Alkins,10,1,12.0,1.3,3.9,0.37200000000000005,2.6,1.3,0.1,0.0,0.7,3.7,False,False
9,Grayson Allen,38,2,10.9,1.8,4.7,0.466,0.6,0.7,0.2,0.2,1.2,5.6,False,False
10,Jarrett Allen,80,80,26.2,4.2,7.1,0.595,8.4,1.4,0.5,1.5,2.3,10.9,False,False
11,Kadeem Allen,19,1,21.9,3.4,7.4,0.521,2.7,4.0,0.8,0.2,2.4,9.9,False,False
12,Al-Farouq Aminu,81,81,28.3,3.2,7.3,0.514,7.5,1.3,0.8,0.4,1.8,9.4,False,False
13,Justin Anderson,48,4,9.6,1.3,3.3,0.484,1.8,0.5,0.5,0.3,1.0,3.7,False,False
14,Kyle Anderson,43,40,29.8,3.5,6.4,0.56,5.8,3.0,1.3,0.9,2.6,8.0,False,False
15,Ryan Anderson,25,8,12.9,0.8,2.8,0.37,2.2,0.8,0.2,0.0,1.0,2.5,False,False
16,Ike Anigbogu,3,0,2.0,0.0,1.0,0.0,1.0,0.3,0.0,0.3,0.0,0.0,False,False
17,Giannis Antetokounmpo,72,72,32.8,10.0,17.3,0.599,12.5,5.9,1.3,1.5,3.2,27.7,True,True
18,Kostas Antetokounmpo,2,0,5.5,0.0,1.5,0.0,0.5,0.0,1.0,0.0,0.0,1.0,False,False
19,Carmelo Anthony,10,2,29.4,4.9,12.1,0.49200000000000005,5.4,0.5,0.4,0.7,3.2,13.4,False,False
20,OG Anunoby,67,6,20.2,2.7,6.0,0.536,2.9,0.7,0.7,0.3,2.1,7.0,False,False
21,Ryan Arcidiacono,81,32,24.2,2.3,5.2,0.544,2.7,3.3,0.8,0.0,2.1,6.7,False,False
22,Trevor Ariza,69,69,34.0,4.3,10.7,0.498,5.4,3.7,1.3,0.3,1.9,12.5,False,False
23,D.J. Augustin,81,81,28.0,3.9,8.4,0.5660000000000001,2.5,5.3,0.6,0.0,1.4,11.7,False,False
24,Deandre Ayton,71,70,30.7,7.2,12.3,0.585,10.3,1.8,0.9,0.9,2.9,16.3,False,False
25,Dwayne Bacon,43,13,17.7,2.8,6.0,0.5489999999999999,2.1,1.1,0.3,0.1,1.7,7.3,False,False
26,Marvin Bagley,62,4,25.3,5.7,11.4,0.525,7.6,1.0,0.5,1.0,1.9,14.9,False,False
27,Ron Baker,15,0,10.1,0.3,1.3,0.225,0.7,1.0,0.4,0.1,1.2,0.9,False,False
28,Wade Baldwin,16,0,5.9,0.6,2.1,0.33299999999999996,0.9,0.8,0.1,0.1,0.7,1.9,False,False
29,Lonzo Ball,47,45,30.3,3.9,9.7,0.488,5.3,5.4,1.5,0.4,2.4,9.9,False,False
30,Mo Bamba,47,1,16.3,2.5,5.2,0.525,5.0,0.8,0.3,1.4,2.2,6.2,False,False
31,J.J. Barea,38,0,19.8,4.2,10.1,0.46799999999999997,2.5,5.6,0.6,0.0,1.3,10.9,False,False
32,Harrison Barnes,77,77,32.9,5.6,13.3,0.504,4.7,1.5,0.6,0.2,1.6,16.4,False,False
33,Will Barton,43,38,27.7,4.3,10.7,0.475,4.6,2.9,0.4,0.5,1.9,11.5,False,False
34,Keita Bates-Diop,30,3,16.8,2.0,4.7,0.46799999999999997,2.8,0.6,0.6,0.5,1.0,5.0,False,False
35,Nicolas Batum,75,72,31.4,3.4,7.5,0.5529999999999999,5.2,3.3,0.9,0.6,1.9,9.3,False,False
36,Jerryd Bayless,34,6,19.3,2.4,6.8,0.42,1.8,3.5,0.5,0.1,1.6,6.1,False,False
37,Aron Baynes,51,18,16.1,2.1,4.4,0.518,4.7,1.1,0.2,0.7,2.5,5.6,False,False
38,Kent Bazemore,67,35,24.5,4.1,10.3,0.47200000000000003,3.9,2.3,1.3,0.6,2.5,11.6,False,False
39,Bradley Beal,82,82,36.9,9.3,19.6,0.54,5.0,5.5,1.5,0.7,2.8,25.6,True,True
40,Malik Beasley,81,18,23.2,4.3,9.1,0.584,2.5,1.2,0.7,0.1,1.4,11.3,False,False
41,Michael Beasley,26,2,10.7,2.9,5.9,0.5,2.3,1.0,0.3,0.4,1.6,7.0,False,False
42,Marco Belinelli,79,1,23.0,3.6,8.7,0.52,2.5,1.7,0.4,0.1,1.5,10.5,False,False
43,Jordan Bell,68,3,11.6,1.5,2.8,0.516,2.7,1.1,0.3,0.8,1.2,3.3,False,False
44,DeAndre' Bembry,82,15,23.5,3.4,7.5,0.48700000000000004,4.4,2.5,1.3,0.5,2.3,8.4,False,False
45,Dragan Bender,46,27,18.0,1.9,4.3,0.503,4.0,1.2,0.4,0.5,2.0,5.0,False,False
46,Dairis Bertans,12,0,13.9,1.0,3.9,0.36200000000000004,0.8,0.8,0.1,0.0,0.6,2.8,False,False
47,Davis Bertans,76,12,21.5,2.7,6.0,0.61,3.5,1.3,0.5,0.4,1.8,8.0,False,False
48,Patrick Beverley,78,49,27.4,2.5,6.1,0.524,5.0,3.8,0.9,0.6,3.4,7.6,False,False
49,Khem Birch,50,1,12.9,1.8,3.0,0.603,3.8,0.8,0.4,0.6,1.4,4.8,False,False
50,Bismack Biyombo,54,32,14.5,1.6,2.9,0.5710000000000001,4.6,0.6,0.2,0.8,1.9,4.4,False,False
51,Nemanja Bjelica,77,70,23.2,3.7,7.7,0.5660000000000001,5.8,1.9,0.7,0.7,2.6,9.6,False,False
52,Antonio Blakeney,57,3,14.5,2.9,6.9,0.465,1.9,0.7,0.2,0.2,0.7,7.3,False,False
53,Eric Bledsoe,78,78,29.1,6.0,12.4,0.5479999999999999,4.6,5.5,1.5,0.4,2.0,15.9,False,False
54,Jaron Blossomgame,27,4,16.3,1.7,3.9,0.491,3.6,0.5,0.3,0.3,0.7,4.2,False,False
55,Bogdan Bogdanovic,70,17,27.8,5.2,12.3,0.496,3.5,3.8,1.0,0.2,2.0,14.1,False,False
56,Bojan Bogdanovic,81,81,31.8,6.4,13.0,0.575,4.1,2.0,0.9,0.0,1.7,18.0,False,False
57,Andrew Bogut,11,5,12.2,1.6,3.3,0.5,5.0,1.0,0.3,0.7,2.0,3.5,False,False
58,Jonah Bolden,44,10,14.5,1.8,3.7,0.599,3.8,0.9,0.4,0.9,2.3,4.7,False,False
59,Isaac Bonga,22,0,5.5,0.2,1.5,0.152,1.1,0.7,0.4,0.2,0.4,0.9,False,False
60,Devin Booker,64,64,35.0,9.2,19.6,0.521,4.1,6.8,0.9,0.2,3.1,26.6,True,False
61,Chris Boucher,28,0,5.8,1.2,2.7,0.526,2.0,0.1,0.2,0.9,1.1,3.3,False,False
62,Avery Bradley,63,63,30.2,3.9,9.7,0.479,2.8,2.4,0.7,0.3,2.7,9.9,False,False
63,Tony Bradley,3,0,12.0,2.7,5.3,0.5,5.0,0.3,0.7,0.7,2.0,5.7,False,False
64,Corey Brewer,31,3,15.9,1.7,4.0,0.488,2.5,1.3,1.0,0.2,2.0,4.9,False,False
65,Mikal Bridges,82,56,29.5,3.0,6.9,0.523,3.2,2.1,1.6,0.5,2.5,8.3,False,False
66,Miles Bridges,80,25,21.2,3.0,6.4,0.527,4.0,1.2,0.7,0.6,1.4,7.5,False,False
67,Isaiah Briscoe,39,0,14.3,1.4,3.5,0.43799999999999994,1.9,2.2,0.3,0.1,1.7,3.5,False,False
68,Ryan Broekhoff,42,0,10.8,1.4,3.0,0.603,1.5,0.5,0.1,0.1,0.8,4.0,False,False
69,Malcolm Brogdon,64,64,28.6,5.9,11.7,0.575,4.5,3.2,0.7,0.2,1.6,15.6,False,False
70,Dillon Brooks,18,0,18.3,2.7,6.8,0.46299999999999997,1.7,0.9,0.6,0.2,2.8,7.5,False,False
71,MarShon Brooks,29,0,13.3,2.6,5.8,0.494,1.6,0.9,0.3,0.1,1.1,6.6,False,False
72,Bruce Brown,74,56,19.6,1.7,4.2,0.436,2.5,1.2,0.5,0.5,2.4,4.3,False,False
73,Jaylen Brown,74,25,25.9,5.0,10.7,0.525,4.2,1.4,0.9,0.4,2.5,13.0,False,False
74,Lorenzo Brown,26,0,8.2,0.9,2.7,0.366,1.2,1.1,0.5,0.2,0.8,2.1,False,False
75,Sterling Brown,58,7,17.8,2.5,5.4,0.55,3.2,1.4,0.4,0.1,1.5,6.4,False,False
76,Troy Brown,52,10,14.0,1.9,4.5,0.462,2.8,1.5,0.4,0.1,1.1,4.8,False,False
77,Jalen Brunson,73,38,21.8,3.6,7.7,0.523,2.3,3.2,0.5,0.1,1.7,9.3,False,False
78,Thomas Bryant,72,53,20.8,4.3,7.0,0.648,6.3,1.3,0.3,0.9,1.8,10.5,False,False
79,Reggie Bullock,63,60,29.8,3.9,9.4,0.537,2.7,2.0,0.6,0.2,1.7,11.3,False,False
80,Trey Burke,58,8,19.4,4.1,9.4,0.48200000000000004,1.7,2.7,0.6,0.1,1.0,10.9,False,False
81,Alec Burks,64,24,21.5,3.0,7.4,0.469,3.7,2.0,0.6,0.3,1.4,8.8,False,False
82,Deonte Burton,32,0,7.5,1.0,2.6,0.451,0.9,0.3,0.2,0.3,1.0,2.6,False,False
83,Jimmy Butler,65,65,33.6,6.4,13.9,0.499,5.3,4.0,1.9,0.6,1.7,18.7,False,False
84,Bruno Caboclo,34,19,23.5,2.8,6.6,0.5329999999999999,4.6,1.5,0.4,1.0,2.4,8.3,False,False
85,Jose Calderon,49,0,12.9,0.9,2.4,0.433,1.2,2.3,0.3,0.1,1.3,2.3,False,False
86,Kentavious Caldwell-Pope,82,23,24.8,4.0,9.2,0.53,2.9,1.3,0.9,0.2,1.7,11.4,False,False
87,Isaiah Canaan,30,16,21.0,2.1,5.5,0.494,1.9,2.8,0.5,0.1,1.7,6.0,False,False
88,Clint Capela,67,67,33.6,7.1,10.9,0.648,12.7,1.4,0.7,1.5,2.5,16.6,False,False
89,DeMarre Carroll,67,8,25.4,3.4,8.6,0.48700000000000004,5.2,1.3,0.5,0.1,1.7,11.1,False,False
90,Jevon Carter,39,3,14.8,1.4,4.7,0.395,1.7,1.8,0.7,0.3,1.4,4.4,False,False
91,Vince Carter,76,9,17.5,2.6,6.2,0.55,2.6,1.1,0.6,0.4,1.9,7.4,False,False
92,Wendell Carter,44,44,25.2,4.1,8.4,0.493,7.0,1.8,0.6,1.3,3.5,10.3,False,False
93,Michael Carter-Williams,28,1,13.3,1.6,4.4,0.415,2.5,2.5,0.7,0.5,1.7,4.8,False,False
94,Alex Caruso,25,4,21.2,3.1,6.9,0.514,2.7,3.1,1.0,0.4,2.2,9.2,False,False
95,Omri Casspi,36,0,14.4,2.4,4.5,0.581,3.2,0.7,0.6,0.3,1.0,6.3,False,False
96,Willie Cauley-Stein,81,81,27.3,5.1,9.1,0.557,8.4,2.4,1.2,0.6,2.8,11.9,False,False
97,Troy Caupain,4,0,4.0,1.0,2.0,0.625,0.8,1.0,0.3,0.0,0.0,2.5,False,False
98,Tyler Cavanaugh,11,0,3.5,0.3,0.9,0.35,0.7,0.1,0.0,0.0,0.3,0.8,False,False
99,Tyson Chandler,55,6,15.9,1.1,1.8,0.616,5.6,0.7,0.4,0.4,2.0,3.1,False,False
100,Wilson Chandler,51,33,23.1,2.2,5.4,0.526,4.2,1.6,0.5,0.4,2.4,6.0,False,False
101,Joe Chealey,1,0,8.0,1.0,3.0,0.33299999999999996,0.0,1.0,0.0,0.0,1.0,2.0,False,False
102,Chris Chiozza,7,0,4.7,0.3,1.1,0.375,0.6,0.6,0.1,0.1,0.3,0.9,False,False
103,Marquese Chriss,43,2,11.6,1.6,4.2,0.41700000000000004,3.3,0.5,0.4,0.3,1.9,4.2,False,False
104,Gary Clark,51,2,12.6,1.0,3.0,0.467,2.3,0.4,0.4,0.5,0.9,2.9,False,False
105,Ian Clark,60,6,16.2,2.5,6.4,0.48,1.5,1.6,0.4,0.1,1.6,6.7,False,False
106,Jordan Clarkson,81,0,27.3,6.5,14.6,0.509,3.3,2.4,0.7,0.2,1.4,16.8,False,False
107,John Collins,61,59,30.0,7.6,13.6,0.593,9.8,2.0,0.4,0.6,3.3,19.5,False,False
108,Zach Collins,77,0,17.6,2.5,5.2,0.523,4.2,0.9,0.3,0.9,2.3,6.6,False,False
109,Darren Collison,76,76,28.2,4.1,8.7,0.527,3.1,6.0,1.4,0.1,1.8,11.2,False,False
110,Bonzie Colson,8,2,12.3,1.6,4.9,0.397,3.8,0.4,0.6,0.1,0.4,4.9,False,False
111,Mike Conley,70,70,33.5,7.0,16.0,0.507,3.4,6.4,1.3,0.3,1.8,21.1,True,False
112,Pat Connaughton,61,2,20.7,2.7,5.7,0.56,4.2,2.0,0.5,0.4,1.3,6.9,False,False
113,Quinn Cook,74,10,14.3,2.8,5.9,0.557,2.1,1.6,0.3,0.0,1.2,6.9,False,False
114,DeMarcus Cousins,30,30,25.7,5.9,12.4,0.515,8.2,3.6,1.3,1.5,3.6,16.3,False,False
115,Robert Covington,35,35,34.4,4.5,10.3,0.5479999999999999,5.5,1.3,2.1,1.3,3.6,13.3,False,False
116,Allen Crabbe,43,20,26.3,3.2,8.7,0.499,3.4,1.1,0.5,0.3,2.4,9.6,False,False
117,Torrey Craig,75,37,20.0,2.1,4.8,0.526,3.5,1.0,0.5,0.6,2.3,5.7,False,False
118,Jamal Crawford,64,0,18.9,2.7,6.8,0.474,1.3,3.6,0.5,0.2,1.2,7.9,False,False
119,Mitch Creek,5,0,9.6,1.6,3.2,0.5,2.4,1.2,0.4,0.0,0.6,4.2,False,False
120,Jae Crowder,80,11,27.1,4.0,10.0,0.508,4.8,1.7,0.8,0.4,2.1,11.9,False,False
121,Dante Cunningham,64,21,14.5,1.2,2.5,0.57,2.9,0.8,0.4,0.2,1.1,3.0,False,False
122,Seth Curry,74,2,18.9,2.9,6.3,0.5770000000000001,1.6,0.9,0.5,0.2,1.3,7.9,False,False
123,Stephen Curry,69,69,33.8,9.2,19.4,0.604,5.3,5.2,1.3,0.4,2.4,27.3,True,True
124,Troy Daniels,51,1,14.9,2.2,5.4,0.545,1.4,0.5,0.5,0.1,1.5,6.2,False,False
125,Anthony Davis,56,56,33.0,9.5,18.3,0.54,12.0,3.9,1.6,2.4,2.4,25.9,True,True
126,Deyonta Davis,9,0,13.1,1.7,2.4,0.682,4.0,0.6,0.3,0.6,1.3,4.0,False,False
127,Ed Davis,81,1,17.9,2.3,3.7,0.616,8.6,0.8,0.4,0.4,2.8,5.8,False,False
128,Tyler Davis,1,0,1.0,0.0,1.0,0.0,1.0,0.0,0.0,0.0,0.0,0.0,False,False
129,Dewayne Dedmon,64,52,25.1,4.0,8.2,0.5710000000000001,7.5,1.4,1.1,1.1,3.3,10.8,False,False
130,Sam Dekker,47,5,16.8,2.6,5.4,0.506,3.1,1.0,0.8,0.1,1.0,6.1,False,False
131,Angel Delgado,2,0,7.5,0.5,2.5,0.2,2.0,0.0,0.5,0.0,1.0,1.5,False,False
132,Matthew Dellavedova,48,0,16.9,2.0,5.0,0.496,1.6,3.8,0.3,0.0,1.6,5.9,False,False
133,Luol Deng,22,2,17.8,2.7,5.4,0.5589999999999999,3.3,0.8,0.7,0.4,1.1,7.1,False,False
134,DeMar DeRozan,77,77,34.9,8.2,17.1,0.483,6.0,6.2,1.1,0.5,2.3,21.2,True,False
135,Marcus Derrickson,11,0,6.1,1.5,3.0,0.636,1.2,0.1,0.0,0.1,0.8,4.2,False,False
136,Cheick Diallo,64,1,14.0,2.6,4.2,0.622,5.2,0.5,0.5,0.5,1.8,6.0,False,False
137,Hamidou Diallo,51,3,10.3,1.5,3.2,0.467,1.9,0.3,0.4,0.2,1.5,3.7,False,False
138,Gorgui Dieng,76,2,13.6,2.5,5.0,0.527,4.1,0.9,0.6,0.5,1.8,6.4,False,False
139,Spencer Dinwiddie,68,4,28.1,5.4,12.2,0.517,2.4,4.6,0.6,0.3,2.8,16.8,False,False
140,Donte DiVincenzo,27,0,15.2,1.9,4.6,0.49200000000000005,2.4,1.1,0.5,0.2,1.4,4.9,False,False
141,Luka Doncic,72,72,32.2,7.0,16.5,0.49700000000000005,7.8,6.0,1.1,0.3,1.9,21.2,True,False
142,Tyler Dorsey,48,11,14.5,2.2,5.5,0.489,2.4,1.2,0.3,0.0,1.1,6.2,False,False
143,Damyean Dotson,73,40,27.5,4.0,9.6,0.506,3.6,1.8,0.8,0.1,1.8,10.7,False,False
144,PJ Dozier,6,0,8.5,1.3,3.5,0.429,2.8,0.8,0.3,0.0,0.3,3.2,False,False
145,Goran Dragic,36,22,27.5,5.0,12.0,0.479,3.1,4.8,0.8,0.1,2.3,13.7,False,False
146,Andre Drummond,79,79,33.5,7.1,13.3,0.536,15.6,1.4,1.7,1.7,3.4,17.3,True,False
147,Jared Dudley,59,25,20.7,1.7,4.1,0.5329999999999999,2.6,1.4,0.6,0.3,2.2,4.9,False,False
148,Kris Dunn,46,44,30.2,4.7,11.0,0.45799999999999996,4.1,6.0,1.5,0.5,3.6,11.3,False,False
149,Kevin Durant,78,78,34.6,9.2,17.7,0.5710000000000001,6.4,5.9,0.7,1.1,2.0,26.0,True,True
150,Trevon Duval,3,0,2.0,0.7,1.0,0.833,0.3,0.7,0.0,0.0,0.0,1.7,False,False
151,Vince Edwards,2,0,8.0,0.5,2.0,0.375,1.0,0.0,0.0,0.0,0.0,1.5,False,False
152,Henry Ellenson,19,0,13.6,2.1,5.0,0.5,3.5,0.8,0.4,0.1,1.4,6.0,False,False
153,Wayne Ellington,53,38,24.5,3.5,8.6,0.5539999999999999,2.0,1.4,1.0,0.1,1.7,10.3,False,False
154,Joel Embiid,64,64,33.7,9.1,18.7,0.517,13.6,3.7,0.7,1.9,3.3,27.5,True,True
155,James Ennis,58,27,21.2,2.4,5.1,0.563,3.1,0.7,0.7,0.4,2.6,6.7,False,False
156,Drew Eubanks,23,0,4.9,0.7,1.1,0.5770000000000001,1.5,0.3,0.1,0.2,0.5,1.8,False,False
157,Jacob Evans,30,1,6.8,0.6,1.8,0.377,0.8,0.8,0.2,0.1,0.9,1.3,False,False
158,Jawun Evans,8,0,8.1,0.4,1.8,0.214,1.5,1.3,0.4,0.0,1.0,0.8,False,False
159,Tyreke Evans,69,18,20.3,3.7,9.6,0.44799999999999995,2.9,2.4,0.8,0.3,1.7,10.2,False,False
160,Dante Exum,42,1,15.8,2.4,5.7,0.456,1.6,2.6,0.3,0.1,1.6,6.9,False,False
161,Kenneth Faried,37,13,19.7,4.2,7.2,0.604,6.8,0.5,0.5,0.6,2.2,10.4,False,False
162,Derrick Favors,76,70,23.2,4.8,8.1,0.6,7.4,1.2,0.7,1.4,2.1,11.8,False,False
163,Cristiano Felicio,60,0,12.4,1.6,3.0,0.531,3.6,0.6,0.2,0.1,1.2,4.0,False,False
164,Raymond Felton,33,0,11.5,1.7,4.1,0.48100000000000004,1.0,1.6,0.3,0.2,0.9,4.3,False,False
165,Terrance Ferguson,74,74,26.1,2.5,5.8,0.552,1.9,1.0,0.5,0.2,3.1,6.9,False,False
166,Yogi Ferrell,71,3,15.0,2.2,5.0,0.511,1.5,1.9,0.5,0.1,0.9,5.9,False,False
167,Dorian Finney-Smith,81,26,24.5,2.8,6.5,0.507,4.8,1.2,0.9,0.4,2.3,7.5,False,False
168,Bryn Forbes,82,81,28.0,4.4,9.6,0.568,2.9,2.1,0.5,0.0,1.9,11.8,False,False
169,Evan Fournier,81,81,31.5,5.8,13.2,0.509,3.2,3.6,0.9,0.1,2.8,15.1,False,False
170,De'Aaron Fox,81,81,31.4,6.2,13.6,0.49700000000000005,3.8,7.3,1.6,0.6,2.5,17.3,False,False
171,Melvin Frazier,10,0,4.4,0.7,2.1,0.33299999999999996,0.5,0.1,0.1,0.0,0.6,1.5,False,False
172,Tim Frazier,59,19,19.0,2.0,4.4,0.515,2.8,4.2,0.5,0.1,1.9,5.3,False,False
173,Jimmer Fredette,6,0,10.8,1.3,4.8,0.276,1.2,1.3,0.5,0.0,0.8,3.7,False,False
174,Channing Frye,36,6,9.5,1.2,3.3,0.504,1.4,0.6,0.2,0.1,1.2,3.6,False,False
175,Markelle Fultz,19,15,22.5,3.4,8.2,0.43200000000000005,3.7,3.1,0.9,0.3,2.7,8.2,False,False
176,Danilo Gallinari,68,68,30.3,6.0,13.0,0.5539999999999999,6.1,2.6,0.7,0.3,1.9,19.8,False,False
177,Langston Galloway,80,4,21.8,2.9,7.3,0.503,2.1,1.1,0.5,0.1,1.7,8.4,False,False
178,Billy Garrett,4,0,15.8,2.8,6.8,0.40700000000000003,0.8,1.8,0.3,0.3,0.8,6.5,False,False
179,Marc Gasol,79,72,30.8,4.9,11.0,0.505,7.9,4.4,1.1,1.1,2.7,13.6,False,False
180,Pau Gasol,30,6,12.0,1.4,3.1,0.479,4.6,1.7,0.2,0.5,1.0,3.9,False,False
181,Rudy Gay,69,51,26.7,5.4,10.8,0.5539999999999999,6.8,2.6,0.8,0.5,2.3,13.7,False,False
182,Paul George,77,77,36.9,9.2,21.0,0.529,8.2,4.1,2.2,0.4,2.8,28.0,True,True
183,Taj Gibson,70,57,24.1,4.3,7.7,0.5760000000000001,6.5,1.2,0.8,0.6,2.7,10.8,False,False
184,Harry Giles,58,0,14.1,3.0,6.0,0.503,3.8,1.5,0.5,0.4,2.6,7.0,False,False
185,Shai Gilgeous-Alexander,82,73,26.5,4.2,8.7,0.512,2.8,3.3,1.2,0.5,2.1,10.8,False,False
186,Rudy Gobert,81,80,31.8,5.9,8.8,0.669,12.9,2.0,0.8,2.3,2.9,15.9,False,False
187,Brandon Goodwin,16,0,3.6,0.4,1.4,0.304,0.2,0.9,0.0,0.0,0.4,1.4,False,False
188,Aaron Gordon,78,78,33.8,6.0,13.4,0.507,7.4,3.7,0.7,0.7,2.2,16.0,False,False
189,Eric Gordon,68,53,31.7,5.6,13.8,0.525,2.2,1.9,0.6,0.4,2.1,16.2,False,False
190,Marcin Gortat,47,43,16.0,2.1,4.0,0.532,5.6,1.4,0.1,0.5,2.0,5.0,False,False
191,Devonte' Graham,46,3,14.7,1.6,4.7,0.42100000000000004,1.4,2.6,0.5,0.0,1.0,4.7,False,False
192,Treveon Graham,35,21,20.4,1.8,5.5,0.435,3.1,1.0,0.4,0.2,1.9,5.3,False,False
193,Jerami Grant,80,77,32.7,5.1,10.3,0.5670000000000001,5.2,1.0,0.8,1.3,2.7,13.6,False,False
194,Jerian Grant,60,1,15.7,1.5,3.7,0.509,1.6,2.6,0.7,0.1,1.3,4.2,False,False
195,Donte Grantham,3,0,0.7,0.0,0.7,0.0,0.0,0.0,0.0,0.0,0.0,0.0,False,False
196,Danny Green,80,80,27.7,3.7,7.9,0.622,4.0,1.6,0.9,0.7,2.1,10.3,False,False
197,Draymond Green,66,66,31.3,2.8,6.4,0.501,7.3,6.9,1.4,1.1,3.0,7.4,False,False
198,Gerald Green,73,0,20.2,3.2,7.9,0.535,2.5,0.5,0.5,0.4,1.7,9.2,False,False
199,JaMychal Green,65,6,21.1,3.5,7.3,0.5579999999999999,6.3,0.8,0.7,0.5,3.0,9.4,False,False
200,Jeff Green,77,44,27.2,4.2,8.9,0.555,4.0,1.8,0.6,0.5,2.1,12.3,False,False
201,Blake Griffin,75,75,35.0,8.3,17.9,0.532,7.5,5.4,0.7,0.4,2.7,24.5,True,True
202,Daniel Hamilton,19,3,10.7,1.2,3.2,0.45,2.5,1.2,0.3,0.1,1.0,3.0,False,False
203,Dusty Hannahs,2,0,13.0,1.5,6.0,0.25,0.5,2.5,0.5,0.0,0.5,4.0,False,False
204,Tim Hardaway,65,63,31.6,6.0,15.3,0.474,3.4,2.4,0.8,0.1,2.2,18.1,False,False
205,James Harden,78,78,36.8,10.8,24.5,0.541,6.6,7.5,2.0,0.7,3.1,36.1,True,True
206,Maurice Harkless,60,53,23.6,3.2,6.5,0.53,4.5,1.2,1.1,0.9,2.7,7.7,False,False
207,Montrezl Harrell,82,5,26.3,6.7,10.8,0.617,6.5,2.0,0.9,1.3,3.1,16.6,False,False
208,Devin Harris,68,2,15.8,1.9,5.1,0.47,1.6,1.8,0.5,0.2,2.0,6.3,False,False
209,Gary Harris,57,48,28.8,4.7,11.2,0.488,2.8,2.2,1.0,0.3,2.0,12.9,False,False
210,Joe Harris,76,76,30.2,4.9,9.8,0.622,3.8,2.4,0.5,0.2,2.4,13.7,False,False
211,Tobias Harris,82,82,34.7,7.5,15.3,0.5489999999999999,7.9,2.8,0.6,0.5,2.2,20.0,False,False
212,Andrew Harrison,17,0,11.0,0.9,3.1,0.349,1.2,1.4,0.2,0.1,2.0,3.2,False,False
213,Shaquille Harrison,73,11,19.6,2.5,5.8,0.46,3.0,1.9,1.2,0.4,1.7,6.5,False,False
214,Josh Hart,67,22,25.6,2.8,6.9,0.506,3.7,1.4,1.0,0.6,2.2,7.8,False,False
215,Isaiah Hartenstein,28,0,7.9,0.7,1.5,0.512,1.7,0.5,0.3,0.4,2.0,1.9,False,False
216,Udonis Haslem,10,1,7.4,1.1,3.3,0.33299999999999996,2.7,0.2,0.0,0.0,0.9,2.5,False,False
217,Gordon Hayward,72,18,25.9,4.1,8.8,0.527,4.5,3.4,0.9,0.3,1.4,11.5,False,False
218,John Henson,14,0,13.4,2.2,4.8,0.545,5.1,1.0,0.5,0.8,1.1,5.6,False,False
219,Juan Hernangomez,70,25,19.4,2.0,4.5,0.545,3.8,0.8,0.4,0.3,1.3,5.8,False,False
220,Willy Hernangomez,58,3,14.0,2.6,5.1,0.544,5.4,1.0,0.3,0.3,1.7,7.3,False,False
221,Mario Hezonja,58,24,20.8,3.3,8.0,0.457,4.1,1.5,1.0,0.1,1.9,8.8,False,False
222,Isaiah Hicks,3,0,10.7,1.3,2.7,0.5,2.3,0.7,0.3,1.0,1.7,4.0,False,False
223,Buddy Hield,82,82,31.9,7.6,16.6,0.56,5.0,2.5,0.7,0.4,2.5,20.7,False,False
224,Haywood Highsmith,5,0,8.0,0.8,2.0,0.45,1.0,0.4,0.2,0.0,0.2,1.8,False,False
225,Nene Hilario,42,2,13.0,1.4,2.8,0.517,2.9,0.6,0.4,0.4,2.1,3.6,False,False
226,George Hill,60,13,21.7,2.8,6.3,0.516,2.5,2.3,0.9,0.1,1.7,7.6,False,False
227,Solomon Hill,44,15,20.0,1.5,4.0,0.47200000000000003,3.0,1.3,0.5,0.2,1.8,4.3,False,False
228,Aaron Holiday,50,0,12.9,2.1,5.2,0.483,1.3,1.7,0.4,0.3,1.4,5.9,False,False
229,Jrue Holiday,67,67,35.9,8.2,17.3,0.523,5.0,7.7,1.6,0.8,2.2,21.2,False,False
230,Justin Holiday,82,77,31.8,3.7,9.5,0.49,3.9,1.8,1.5,0.4,2.0,10.5,False,False
231,John Holland,1,0,1.0,0.0,0.0,0.0,0.0,0.0,0.0,0.0,0.0,0.0,False,False
232,Rondae Hollis-Jefferson,59,21,20.9,3.4,8.3,0.42,5.3,1.6,0.7,0.5,1.8,8.9,False,False
233,Richaun Holmes,70,4,16.9,3.2,5.2,0.608,4.7,0.9,0.6,1.1,2.8,8.2,False,False
234,Rodney Hood,72,49,26.3,4.1,9.3,0.498,2.2,1.8,0.8,0.2,2.0,11.2,False,False
235,Al Horford,68,68,29.0,5.7,10.6,0.586,6.7,4.2,0.9,1.3,1.9,13.6,False,False
236,Danuel House,39,13,25.1,3.0,6.5,0.615,3.6,1.0,0.5,0.3,2.1,9.4,False,False
237,Dwight Howard,9,9,25.6,4.8,7.7,0.623,9.2,0.4,0.8,0.4,3.8,12.8,False,False
238,Kevin Huerter,75,59,27.3,3.7,8.8,0.522,3.3,2.9,0.9,0.3,2.1,9.7,False,False
239,Isaac Humphries,5,1,11.2,1.2,4.2,0.35700000000000004,2.2,0.0,0.2,0.0,1.4,3.0,False,False
240,R.J. Hunter,1,0,26.0,6.0,13.0,0.615,3.0,3.0,1.0,0.0,3.0,17.0,False,False
241,Chandler Hutchison,44,14,20.3,2.2,4.8,0.493,4.2,0.8,0.5,0.1,1.3,5.2,False,False
242,Serge Ibaka,74,51,27.2,6.3,11.9,0.557,8.1,1.3,0.4,1.4,2.9,15.0,False,False
243,Andre Iguodala,68,13,23.2,2.2,4.4,0.579,3.7,3.2,0.9,0.8,1.4,5.7,False,False
244,Ersan Ilyasova,67,7,18.4,2.5,5.7,0.514,4.5,0.8,0.5,0.3,2.6,6.8,False,False
245,Joe Ingles,82,82,31.3,4.4,9.8,0.565,4.0,5.7,1.2,0.2,2.2,12.1,False,False
246,Andre Ingram,4,0,3.8,0.0,1.5,0.0,0.5,0.0,0.3,0.0,0.0,0.0,False,False
247,Brandon Ingram,52,52,33.8,7.0,14.0,0.518,5.1,3.0,0.5,0.6,2.9,18.3,False,False
248,Kyrie Irving,67,67,33.0,9.0,18.5,0.557,5.0,6.9,1.5,0.5,2.5,23.8,True,True
249,Jonathan Isaac,75,64,26.6,3.5,8.1,0.499,5.5,1.1,0.8,1.3,1.9,9.6,False,False
250,Wesley Iwundu,68,13,18.1,1.7,4.0,0.465,2.7,1.1,0.4,0.3,1.8,5.0,False,False
251,Demetrius Jackson,6,0,6.5,1.3,2.5,0.6,0.5,0.8,0.3,0.0,0.7,3.7,False,False
252,Frank Jackson,61,16,19.2,3.2,7.3,0.493,2.2,1.1,0.4,0.0,1.5,8.1,False,False
253,Jaren Jackson,58,56,26.1,5.1,10.2,0.5489999999999999,4.7,1.1,0.9,1.4,3.8,13.8,False,False
254,Josh Jackson,79,29,25.2,4.4,10.6,0.456,4.4,2.3,0.9,0.7,2.6,11.5,False,False
255,Justin Jackson,81,14,19.9,2.7,6.0,0.537,2.6,1.2,0.4,0.2,1.2,7.2,False,False
256,Reggie Jackson,82,82,27.9,5.4,12.8,0.504,2.6,4.2,0.7,0.1,2.5,15.4,False,False
257,LeBron James,55,55,35.2,10.1,19.9,0.56,8.5,8.3,1.3,0.6,1.7,27.4,True,True
258,Amile Jefferson,12,0,5.7,0.8,1.3,0.625,1.8,0.3,0.3,0.3,0.7,2.3,False,False
259,John Jenkins,26,0,12.8,1.6,4.0,0.505,1.4,0.8,0.0,0.1,0.4,4.7,False,False
260,Jonas Jerebko,73,6,16.7,2.2,4.9,0.556,3.9,1.3,0.4,0.2,1.9,6.3,False,False
261,Alize Johnson,14,0,4.6,0.3,1.1,0.281,1.4,0.1,0.1,0.2,0.5,0.9,False,False
262,Amir Johnson,51,6,10.4,1.5,3.1,0.541,2.9,1.2,0.3,0.3,1.9,3.9,False,False
263,B.J. Johnson,7,0,7.0,1.3,2.6,0.583,1.1,0.0,0.3,0.0,0.6,3.3,False,False
264,James Johnson,55,33,21.2,3.0,6.9,0.499,3.2,2.5,0.6,0.5,2.1,7.8,False,False
265,Stanley Johnson,66,7,18.3,2.6,6.7,0.45899999999999996,3.3,1.3,0.9,0.2,1.7,6.9,False,False
266,Tyler Johnson,57,22,26.8,3.8,9.2,0.498,3.0,2.9,0.9,0.5,1.7,10.9,False,False
267,Wesley Johnson,38,13,14.1,1.2,3.4,0.449,1.9,0.6,0.4,0.3,1.7,3.4,False,False
268,Nikola Jokic,80,80,31.3,7.7,15.1,0.545,10.8,7.3,1.4,0.7,2.9,20.1,True,True
269,Damian Jones,24,22,17.1,2.2,3.1,0.716,3.1,1.2,0.5,1.0,2.6,5.4,False,False
270,Derrick Jones,60,14,19.2,2.7,5.4,0.537,4.0,0.6,0.8,0.7,2.1,7.0,False,False
271,Jalen Jones,16,0,13.4,1.6,3.9,0.5,2.1,0.4,0.6,0.1,1.7,5.1,False,False
272,Jemerrio Jones,6,2,23.8,2.0,5.5,0.39399999999999996,8.2,2.2,1.2,0.8,1.7,4.5,False,False
273,Terrence Jones,2,0,2.5,0.5,2.0,0.25,2.0,0.0,0.0,0.0,0.5,1.0,False,False
274,Tyus Jones,68,23,22.9,2.7,6.6,0.46,2.0,4.8,1.2,0.1,1.1,6.9,False,False
275,DeAndre Jordan,69,69,29.7,4.1,6.5,0.6409999999999999,13.1,2.3,0.6,1.1,2.4,11.0,False,False
276,Cory Joseph,82,9,25.2,2.8,6.7,0.46299999999999997,3.4,3.9,1.1,0.3,1.6,6.5,False,False
277,Frank Kaminsky,47,0,16.1,2.9,6.3,0.547,3.5,1.3,0.3,0.3,1.4,8.6,False,False
278,Enes Kanter,67,31,24.5,5.6,10.2,0.556,9.8,1.7,0.5,0.4,2.5,13.7,False,False
279,Luke Kennard,63,10,22.8,3.6,8.3,0.54,2.9,1.8,0.4,0.2,1.5,9.7,False,False
280,Michael Kidd-Gilchrist,64,3,18.4,2.5,5.2,0.5,3.8,1.0,0.5,0.6,2.4,6.7,False,False
281,George King,1,0,6.0,0.0,0.0,0.0,1.0,0.0,0.0,0.0,0.0,0.0,False,False
282,Maxi Kleber,71,18,21.2,2.5,5.4,0.5529999999999999,4.6,1.0,0.5,1.1,2.0,6.8,False,False
283,Brandon Knight,39,26,18.9,2.5,6.7,0.46,1.5,1.8,0.5,0.1,1.6,6.8,False,False
284,Kevin Knox,75,57,28.8,4.5,12.2,0.43799999999999994,4.5,1.1,0.6,0.3,2.3,12.8,False,False
285,Furkan Korkmaz,48,7,14.1,2.0,5.1,0.496,2.2,1.1,0.6,0.0,1.3,5.8,False,False
286,Luke Kornet,46,18,17.0,2.3,6.2,0.502,2.9,1.2,0.6,0.9,0.9,7.0,False,False
287,Kyle Korver,70,0,19.1,2.9,6.9,0.5589999999999999,2.3,1.2,0.4,0.2,1.5,8.6,False,False
288,Kosta Koufos,42,1,12.0,1.7,3.6,0.47700000000000004,4.2,0.9,0.4,0.4,1.6,3.7,False,False
289,Rodions Kurucs,63,46,20.5,3.2,7.1,0.514,3.9,0.8,0.7,0.4,2.3,8.5,False,False
290,Kyle Kuzma,70,68,33.1,7.1,15.5,0.515,5.5,2.5,0.6,0.4,2.4,18.7,False,False
291,Skal Labissiere,22,1,8.0,1.2,2.2,0.5920000000000001,2.0,0.5,0.2,0.3,1.3,3.0,False,False
292,Jeremy Lamb,79,55,28.5,5.5,12.4,0.499,5.5,2.2,1.1,0.4,1.8,15.3,False,False
293,Zach LaVine,63,62,34.5,8.4,18.0,0.52,4.7,4.5,1.0,0.4,2.2,23.7,True,False
294,Jake Layman,71,33,18.7,3.0,6.0,0.579,3.1,0.7,0.4,0.4,1.6,7.6,False,False
295,T.J. Leaf,58,1,9.0,1.7,3.2,0.563,2.2,0.4,0.2,0.3,0.6,3.9,False,False
296,Courtney Lee,34,6,12.6,1.6,3.8,0.473,1.6,1.1,0.6,0.1,0.9,4.0,False,False
297,Damion Lee,32,0,11.7,1.8,4.0,0.547,2.0,0.4,0.4,0.0,0.9,4.9,False,False
298,Walt Lemon,6,3,27.8,6.3,14.5,0.44799999999999995,4.5,5.0,1.8,0.2,2.3,14.3,False,False
299,Alex Len,77,31,20.1,4.2,8.4,0.551,5.5,1.1,0.4,0.9,2.6,11.1,False,False
300,Kawhi Leonard,60,60,34.0,9.3,18.8,0.546,7.3,3.3,1.8,0.4,1.5,26.6,True,True
301,Meyers Leonard,61,2,14.4,2.2,4.0,0.649,3.8,1.2,0.2,0.1,1.7,5.9,False,False
302,Jon Leuer,41,1,9.8,1.6,2.8,0.588,2.4,0.3,0.3,0.1,1.5,3.8,False,False
303,Caris LeVert,40,25,26.6,5.2,12.1,0.478,3.8,3.9,1.1,0.4,1.9,13.7,False,False
304,Damian Lillard,80,80,35.5,8.5,19.2,0.522,4.6,6.9,1.1,0.4,1.9,25.8,True,True
305,Jeremy Lin,74,4,19.4,3.2,7.3,0.491,2.4,3.1,0.6,0.2,1.9,9.6,False,False
306,Shaun Livingston,64,0,15.1,1.7,3.3,0.519,1.8,1.8,0.5,0.4,1.2,4.0,False,False
307,Zach Lofton,1,0,4.0,0.0,1.0,0.0,0.0,0.0,1.0,0.0,0.0,0.0,False,False
308,Kevon Looney,80,24,18.5,2.7,4.3,0.627,5.2,1.5,0.6,0.7,2.6,6.3,False,False
309,Brook Lopez,81,81,28.7,4.4,9.7,0.5710000000000001,4.9,1.2,0.6,2.2,2.3,12.5,False,False
310,Robin Lopez,74,36,21.7,4.1,7.2,0.575,3.9,1.2,0.1,1.1,1.7,9.5,False,False
311,Kevin Love,22,21,27.2,5.0,12.9,0.479,10.9,2.2,0.3,0.2,2.5,17.0,False,False
312,Kyle Lowry,65,65,34.0,4.7,11.4,0.518,4.8,8.7,1.4,0.5,2.6,14.2,False,True
313,Jordan Loyd,12,0,4.6,0.7,1.5,0.556,0.8,0.5,0.0,0.0,0.4,2.4,False,False
314,Kalin Lucas,1,0,6.0,0.0,1.0,0.0,3.0,1.0,0.0,0.0,1.0,2.0,False,False
315,Timothe Luwawu-Cabarrot,50,7,13.4,1.6,4.4,0.45899999999999996,1.9,0.5,0.4,0.2,1.5,4.6,False,False
316,Tyler Lydon,25,0,3.8,0.4,0.7,0.611,0.7,0.2,0.1,0.0,0.4,0.9,False,False
317,Trey Lyles,64,2,17.5,3.2,7.7,0.47,3.8,1.4,0.5,0.4,1.5,8.5,False,False
318,Scott Machado,4,0,4.8,1.0,1.5,0.75,0.0,0.8,0.3,0.0,0.5,2.5,False,False
319,Shelvin Mack,57,3,21.9,2.9,7.1,0.462,1.8,3.2,0.8,0.1,1.5,7.5,False,False
320,Daryl Macon,8,0,11.3,1.3,3.4,0.46299999999999997,1.5,0.9,0.1,0.0,1.0,3.6,False,False
321,J.P. Macura,2,0,8.5,1.5,4.5,0.33299999999999996,1.5,1.0,0.0,0.0,0.0,3.0,False,False
322,Ian Mahinmi,34,6,14.6,1.4,3.1,0.466,3.8,0.7,0.7,0.5,2.5,4.1,False,False
323,Thon Maker,64,5,15.2,1.7,4.2,0.498,3.2,0.7,0.3,0.8,1.6,5.0,False,False
324,Boban Marjanovic,58,12,11.7,2.8,4.5,0.623,4.6,0.9,0.3,0.5,1.6,7.3,False,False
325,Lauri Markkanen,52,51,32.3,6.6,15.3,0.506,9.0,1.4,0.7,0.6,2.3,18.7,False,False
326,Jarell Martin,42,1,7.8,1.0,2.5,0.51,1.7,0.4,0.1,0.2,1.2,2.7,False,False
327,Frank Mason,38,0,11.4,1.9,4.4,0.462,1.1,2.2,0.4,0.1,0.9,5.1,False,False
328,Yante Maten,2,0,6.5,0.5,2.0,0.25,1.5,0.0,0.5,0.0,0.0,1.0,False,False
329,Wesley Matthews,69,68,30.3,4.0,10.1,0.507,2.5,2.3,0.8,0.2,2.3,12.2,False,False
330,Luc Mbah a Moute,4,0,15.3,2.0,4.5,0.5,1.8,0.5,0.3,0.3,2.0,5.0,False,False
331,Tahjere McCall,1,0,8.0,2.0,3.0,0.667,1.0,0.0,0.0,0.0,2.0,4.0,False,False
332,Patrick McCaw,29,1,13.7,0.9,2.2,0.484,1.7,1.0,0.8,0.1,1.3,2.6,False,False
333,CJ McCollum,70,70,33.9,8.2,17.8,0.527,4.0,3.0,0.8,0.4,2.5,21.0,True,False
334,T.J. McConnell,76,3,19.3,2.9,5.5,0.542,2.3,3.4,1.0,0.2,1.4,6.4,False,False
335,Doug McDermott,77,1,17.4,2.7,5.5,0.59,1.4,0.9,0.2,0.1,1.4,7.3,False,False
336,JaVale McGee,75,62,22.3,5.3,8.5,0.625,7.5,0.7,0.6,2.0,2.8,12.0,False,False
337,Rodney McGruder,66,45,23.5,2.8,7.0,0.489,3.6,1.7,0.5,0.2,1.7,7.6,False,False
338,Alfonzo McKinnie,72,5,13.9,1.9,3.8,0.564,3.4,0.4,0.3,0.2,1.9,4.7,False,False
339,Ben McLemore,19,0,8.3,1.3,3.4,0.523,0.9,0.2,0.3,0.2,1.2,3.9,False,False
340,Jordan McRae,27,0,12.3,2.3,4.8,0.508,1.5,1.1,0.5,0.3,1.0,5.9,False,False
341,Jodie Meeks,8,0,13.0,2.6,4.9,0.6409999999999999,1.5,1.0,0.1,0.1,0.6,6.4,False,False
342,Salah Mejri,36,4,11.1,1.5,3.1,0.54,3.6,1.0,0.3,0.7,1.5,3.9,False,False
343,De'Anthony Melton,50,31,19.7,2.0,5.1,0.447,2.7,3.2,1.4,0.5,2.3,5.0,False,False
344,Chimezie Metu,29,0,5.0,0.7,2.0,0.32799999999999996,1.2,0.4,0.2,0.1,0.5,1.8,False,False
345,Khris Middleton,77,77,31.1,6.6,14.9,0.519,6.0,4.3,1.0,0.1,2.2,18.3,True,True
346,C.J. Miles,53,1,16.2,2.1,5.9,0.46799999999999997,1.8,0.7,0.5,0.3,1.5,6.4,False,False
347,Darius Miller,69,15,25.5,2.7,7.0,0.528,1.9,2.1,0.6,0.3,2.4,8.2,False,False
348,Malcolm Miller,10,0,6.7,1.1,2.6,0.615,0.5,0.1,0.1,0.1,0.5,3.5,False,False
349,Patty Mills,82,1,23.3,3.4,8.1,0.545,2.2,3.0,0.6,0.1,1.6,9.9,False,False
350,Paul Millsap,70,65,27.1,4.6,9.5,0.528,7.2,2.0,1.2,0.8,2.6,12.6,False,False
351,Shake Milton,20,0,13.4,1.7,4.4,0.47100000000000003,1.8,0.9,0.4,0.4,1.5,4.4,False,False
352,Nikola Mirotic,46,25,27.1,5.2,11.8,0.546,7.4,1.2,0.7,0.7,2.3,15.2,False,False
353,Donovan Mitchell,77,77,33.7,8.6,19.9,0.493,4.1,4.2,1.4,0.4,2.7,23.8,True,False
354,Naz Mitrou-Long,14,0,6.0,0.4,1.4,0.35,0.4,1.1,0.1,0.1,0.7,1.1,False,False
355,Malik Monk,73,0,17.2,3.1,8.0,0.48,1.9,1.6,0.5,0.3,1.5,8.9,False,False
356,Greg Monroe,43,2,11.2,2.1,4.4,0.489,4.0,0.6,0.3,0.2,1.5,5.3,False,False
357,E'Twaun Moore,53,36,27.6,4.8,10.0,0.5529999999999999,2.4,1.9,0.8,0.2,2.1,11.9,False,False
358,Eric Moreland,5,0,8.6,0.6,1.4,0.5,4.0,0.8,0.2,0.2,1.8,1.4,False,False
359,Jaylen Morris,4,0,7.3,1.0,2.5,0.45,1.3,1.0,0.5,0.0,0.3,2.5,False,False
360,Marcus Morris,75,53,27.9,5.0,11.3,0.5329999999999999,6.1,1.5,0.6,0.3,2.4,13.9,False,False
361,Markieff Morris,58,16,21.9,3.5,8.3,0.49200000000000005,4.6,1.4,0.6,0.4,3.0,9.4,False,False
362,Monte Morris,82,6,24.0,4.2,8.6,0.56,2.4,3.6,0.9,0.0,1.2,10.4,False,False
363,Donatas Motiejunas,3,0,4.3,1.0,2.0,0.5,1.0,0.3,0.0,0.3,2.0,2.0,False,False
364,Johnathan Motley,22,0,7.1,1.8,3.3,0.534,2.3,0.5,0.2,0.1,1.2,4.6,False,False
365,Emmanuel Mudiay,59,42,27.2,5.6,12.5,0.493,3.3,3.9,0.7,0.3,1.7,14.8,False,False
366,Jamal Murray,75,74,32.6,6.8,15.6,0.502,4.2,4.8,0.9,0.4,2.0,18.2,False,False
367,Dzanan Musa,9,0,4.3,1.0,2.4,0.43200000000000005,0.6,0.2,0.2,0.0,0.1,2.1,False,False
368,Mike Muscala,64,10,20.4,2.3,5.6,0.525,3.8,1.2,0.3,0.6,2.0,7.0,False,False
369,Sviatoslav Mykhailiuk,42,0,10.5,1.1,3.3,0.43200000000000005,0.9,0.9,0.3,0.0,0.6,3.2,False,False
370,Abdel Nader,61,1,11.4,1.5,3.5,0.498,1.9,0.3,0.3,0.2,1.1,4.0,False,False
371,Larry Nance,67,30,26.8,3.7,7.1,0.5539999999999999,8.2,3.2,1.5,0.6,2.9,9.4,False,False
372,Shabazz Napier,56,2,17.6,3.0,7.8,0.47600000000000003,1.8,2.6,0.7,0.3,1.2,9.4,False,False
373,Raul Neto,37,1,12.8,2.0,4.4,0.522,1.7,2.5,0.4,0.1,1.3,5.3,False,False
374,Georges Niang,59,0,8.7,1.5,3.1,0.594,1.5,0.6,0.2,0.1,1.0,4.0,False,False
375,Joakim Noah,42,1,16.5,2.6,5.1,0.516,5.7,2.1,0.5,0.7,2.3,7.1,False,False
376,Nerlens Noel,77,2,13.7,2.1,3.6,0.5870000000000001,4.2,0.6,0.9,1.2,2.2,4.9,False,False
377,Dirk Nowitzki,51,20,15.6,2.6,7.4,0.444,3.1,0.7,0.2,0.4,1.5,7.3,False,False
378,Frank Ntilikina,43,16,21.0,2.2,6.6,0.395,2.0,2.8,0.7,0.3,2.4,5.7,False,False
379,James Nunnally,15,0,6.8,0.8,2.3,0.47100000000000003,0.3,0.5,0.1,0.0,0.7,2.4,False,False
380,Jusuf Nurkic,72,72,27.4,5.8,11.5,0.51,10.4,3.2,1.0,1.4,3.5,15.6,False,False
381,David Nwaba,51,14,19.3,2.5,5.1,0.527,3.2,1.1,0.7,0.3,2.1,6.5,False,False
382,Royce O'Neale,82,16,20.4,2.0,4.2,0.574,3.5,1.5,0.7,0.3,2.1,5.2,False,False
383,Kyle O'Quinn,45,3,8.2,1.5,3.0,0.511,2.6,1.2,0.2,0.6,1.5,3.5,False,False
384,Semi Ojeleye,56,3,10.6,1.2,2.8,0.513,1.5,0.4,0.2,0.1,0.8,3.3,False,False
385,Jahlil Okafor,59,24,15.8,3.6,6.1,0.5870000000000001,4.7,0.7,0.3,0.7,1.6,8.2,False,False
386,Elie Okobo,53,16,18.1,2.2,5.5,0.46,1.8,2.4,0.6,0.1,2.1,5.7,False,False
387,Josh Okogie,74,52,23.7,2.6,6.9,0.445,2.9,1.2,1.2,0.4,2.2,7.7,False,False
388,Victor Oladipo,36,36,31.9,6.9,16.3,0.486,5.6,5.2,1.7,0.3,2.0,18.8,False,False
389,Kelly Olynyk,79,36,22.9,3.3,7.1,0.563,4.7,1.8,0.7,0.5,2.3,10.0,False,False
390,Cedi Osman,76,75,32.2,4.7,11.1,0.504,4.7,2.6,0.8,0.1,2.6,13.0,False,False
391,Kelly Oubre,69,19,28.0,5.4,12.2,0.51,4.7,1.2,1.2,0.9,2.6,15.2,False,False
392,Zaza Pachulia,68,3,12.9,1.3,2.8,0.44,3.9,1.3,0.5,0.3,2.2,3.9,False,False
393,Jabari Parker,64,17,26.9,5.8,11.7,0.5329999999999999,6.6,2.4,0.7,0.5,2.3,14.5,False,False
394,Tony Parker,56,0,17.9,3.8,8.3,0.474,1.5,3.7,0.4,0.1,0.9,9.5,False,False
395,Chandler Parsons,25,3,19.8,2.7,7.3,0.45299999999999996,2.8,1.7,0.8,0.2,1.8,7.5,False,False
396,Patrick Patterson,63,5,13.7,1.3,3.5,0.479,2.3,0.5,0.3,0.2,0.7,3.6,False,False
397,Justin Patton,3,0,7.0,0.7,2.3,0.28600000000000003,2.0,1.0,0.7,0.0,1.7,1.7,False,False
398,Chris Paul,58,58,32.0,5.2,12.4,0.508,4.6,8.2,2.0,0.3,2.5,15.6,False,False
399,Cameron Payne,40,13,17.8,2.4,5.6,0.48700000000000004,1.8,2.7,0.7,0.2,1.6,6.3,False,False
400,Elfrid Payton,42,42,29.8,4.3,9.8,0.475,5.2,7.6,1.0,0.4,1.9,10.6,False,False
401,Gary Payton,3,0,5.3,1.7,2.7,0.688,0.7,1.3,1.0,0.3,0.7,3.7,False,False
402,Theo Pinson,18,0,11.7,1.4,4.1,0.425,2.0,1.2,0.3,0.0,0.8,4.5,False,False
403,Mason Plumlee,82,17,21.1,3.2,5.4,0.595,6.4,3.0,0.8,0.9,3.1,7.8,False,False
404,Miles Plumlee,18,0,9.6,1.8,2.7,0.667,2.2,0.9,0.3,0.2,0.8,4.4,False,False
405,Jakob Poltl,77,24,16.5,2.4,3.8,0.645,5.3,1.2,0.4,0.9,1.6,5.5,False,False
406,Quincy Pondexter,53,0,5.5,0.5,1.1,0.552,0.9,0.5,0.2,0.0,0.5,1.8,False,False
407,Otto Porter,56,43,30.1,5.3,11.5,0.546,5.6,2.1,1.5,0.6,1.9,13.9,False,False
408,Bobby Portis,50,28,26.0,5.6,12.6,0.504,8.1,1.4,0.7,0.4,2.9,14.2,False,False
409,Dwight Powell,77,22,21.6,3.8,6.3,0.637,5.3,1.5,0.6,0.6,2.6,10.6,False,False
410,Norman Powell,60,3,18.8,3.2,6.7,0.568,2.3,1.5,0.7,0.2,1.6,8.6,False,False
411,Alex Poythress,21,1,14.5,1.9,3.9,0.5489999999999999,3.6,0.8,0.2,0.5,2.2,5.1,False,False
412,Zhou Qi,1,0,1.0,1.0,1.0,1.0,0.0,0.0,0.0,0.0,0.0,2.0,False,False
413,Ivan Rabb,49,13,14.7,2.4,4.3,0.5539999999999999,4.2,1.1,0.3,0.3,1.8,5.8,False,False
414,Chasson Randle,49,2,15.2,1.9,4.4,0.525,1.1,2.0,0.5,0.1,1.9,5.5,False,False
415,Julius Randle,73,49,30.6,7.8,14.9,0.555,8.7,3.1,0.7,0.6,3.4,21.4,False,False
416,J.J. Redick,76,63,31.3,5.9,13.5,0.557,2.4,2.7,0.4,0.2,1.7,18.1,False,False
417,Davon Reed,10,0,4.7,0.5,1.2,0.5,0.6,0.3,0.1,0.0,0.3,1.2,False,False
418,Cameron Reynolds,19,0,13.6,1.7,4.1,0.5579999999999999,1.6,0.7,0.3,0.1,1.4,5.0,False,False
419,Josh Richardson,73,73,34.8,5.8,14.1,0.49200000000000005,3.6,4.1,1.1,0.5,2.7,16.6,False,False
420,Malachi Richardson,22,0,4.7,0.4,1.3,0.44799999999999995,0.6,0.0,0.0,0.0,0.6,1.4,False,False
421,Austin Rivers,76,15,26.7,3.1,7.5,0.49700000000000005,2.1,2.2,0.6,0.3,2.7,8.1,False,False
422,Devin Robinson,7,0,13.6,2.7,4.6,0.594,2.9,0.9,0.6,0.9,1.6,6.7,False,False
423,Duncan Robinson,15,1,10.7,1.2,3.1,0.5,1.3,0.3,0.3,0.0,0.7,3.3,False,False
424,Glenn Robinson,47,18,13.0,1.6,3.7,0.47200000000000003,1.5,0.4,0.3,0.2,1.0,4.2,False,False
425,Jerome Robinson,33,0,9.7,1.3,3.3,0.48200000000000004,1.2,0.6,0.3,0.1,1.4,3.4,False,False
426,Mitchell Robinson,66,19,20.6,3.1,4.4,0.6940000000000001,6.4,0.6,0.8,2.4,3.3,7.3,False,False
427,Rajon Rondo,46,29,29.8,3.8,9.4,0.46399999999999997,5.3,8.0,1.2,0.2,2.2,9.2,False,False
428,Derrick Rose,51,13,27.3,7.1,14.8,0.518,2.7,4.3,0.6,0.2,1.1,18.0,False,False
429,Terrence Ross,81,0,26.5,5.4,12.7,0.534,3.5,1.7,0.9,0.4,1.5,15.1,False,False
430,Terry Rozier,79,14,22.7,3.3,8.4,0.47700000000000004,3.9,2.9,0.9,0.3,1.3,9.0,False,False
431,Ricky Rubio,68,67,27.9,4.3,10.7,0.45799999999999996,3.6,6.1,1.3,0.1,2.6,12.7,False,False
432,D'Angelo Russell,81,81,30.2,8.1,18.7,0.512,3.9,7.0,1.2,0.2,1.7,21.1,True,True
433,Domantas Sabonis,74,5,24.8,5.6,9.5,0.596,9.3,2.9,0.6,0.4,3.2,14.1,False,False
434,Brandon Sampson,14,2,15.3,2.0,4.3,0.5579999999999999,1.1,0.7,0.6,0.2,1.4,5.1,False,False
435,JaKarr Sampson,4,0,31.8,7.3,13.5,0.583,8.0,1.0,1.0,0.8,2.0,20.0,False,False
436,Dario Saric,81,41,25.0,3.8,8.6,0.522,5.6,1.6,0.6,0.1,2.2,10.6,False,False
437,Tomas Satoransky,80,54,27.1,3.2,6.6,0.545,3.5,5.0,1.0,0.2,2.2,8.9,False,False
438,Dennis Schroder,79,14,29.3,5.8,14.0,0.47,3.6,4.1,0.8,0.2,2.4,15.5,False,False
439,Mike Scott,79,3,17.7,2.1,5.3,0.52,3.5,0.8,0.3,0.2,2.0,5.8,False,False
440,Thabo Sefolosha,50,2,12.2,1.4,3.0,0.591,2.5,0.5,0.9,0.1,0.8,3.8,False,False
441,Wayne Selden,75,13,19.2,2.6,6.4,0.46299999999999997,2.4,1.5,0.4,0.2,1.7,6.9,False,False
442,Collin Sexton,82,72,31.8,6.3,14.7,0.48,2.9,3.0,0.5,0.1,2.3,16.7,False,False
443,Landry Shamet,79,27,22.8,3.0,7.1,0.581,1.7,1.5,0.5,0.1,2.0,9.1,False,False
444,Iman Shumpert,62,41,23.9,2.7,7.2,0.48100000000000004,3.0,1.8,1.0,0.4,2.0,7.5,False,False
445,Pascal Siakam,80,79,31.9,6.5,11.8,0.591,6.9,3.1,0.9,0.7,3.0,16.9,True,False
446,Jordan Sibert,1,0,4.0,1.0,1.0,1.5,0.0,0.0,0.0,0.0,0.0,3.0,False,False
447,Ben Simmons,79,79,34.2,6.8,12.2,0.563,8.8,7.7,1.4,0.8,2.6,16.9,False,True
448,Jonathon Simmons,56,9,19.0,2.4,6.3,0.42,2.3,2.3,0.5,0.3,1.6,6.5,False,False
449,Kobi Simmons,1,0,2.0,0.0,0.0,0.0,0.0,0.0,0.0,0.0,0.0,0.0,False,False
450,Anfernee Simons,20,1,7.1,1.4,3.2,0.524,0.7,0.7,0.1,0.0,0.5,3.8,False,False
451,Marcus Smart,80,60,27.5,3.0,7.1,0.5329999999999999,2.9,4.0,1.8,0.4,2.5,8.9,False,False
452,Dennis Smith,53,50,28.5,5.2,12.3,0.479,2.9,4.8,1.3,0.4,2.4,13.6,False,False
453,Ish Smith,56,0,22.3,3.7,8.7,0.46399999999999997,2.6,3.6,0.5,0.2,1.9,8.9,False,False
454,J.R. Smith,11,4,20.2,2.5,7.2,0.418,1.6,1.9,1.0,0.3,1.7,6.7,False,False
455,Jason Smith,20,1,9.5,1.1,3.0,0.43200000000000005,2.6,0.7,0.2,0.4,1.5,3.3,False,False
456,Zhaire Smith,6,2,18.5,2.3,5.7,0.5,2.2,1.7,0.3,0.3,1.3,6.7,False,False
457,Tony Snell,74,12,17.6,2.2,4.9,0.564,2.1,0.9,0.4,0.2,1.2,6.0,False,False
458,Ray Spalding,14,3,10.6,1.8,3.4,0.532,3.4,0.4,0.6,0.6,1.6,3.9,False,False
459,Omari Spellman,46,11,17.5,2.1,5.3,0.49200000000000005,4.2,1.0,0.6,0.5,1.5,5.9,False,False
460,Nik Stauskas,68,0,14.9,2.0,5.0,0.506,1.9,1.2,0.3,0.1,0.7,5.9,False,False
461,D.J. Stephens,1,0,7.0,1.0,2.0,0.5,0.0,0.0,1.0,0.0,0.0,2.0,False,False
462,Lance Stephenson,68,3,16.5,2.7,6.4,0.51,3.2,2.1,0.6,0.1,1.6,7.2,False,False
463,Edmond Sumner,23,2,9.1,1.0,2.8,0.39799999999999996,1.0,0.4,0.5,0.2,1.1,2.9,False,False
464,Caleb Swanigan,21,0,8.5,0.9,2.5,0.349,3.0,0.5,0.3,0.0,1.3,2.0,False,False
465,Jayson Tatum,79,79,31.1,5.9,13.1,0.506,6.0,2.1,1.1,0.7,2.1,15.7,False,False
466,Jeff Teague,42,41,30.1,4.2,9.9,0.465,2.5,8.2,1.0,0.4,2.1,12.1,False,False
467,Garrett Temple,75,55,27.2,2.8,6.6,0.513,2.9,1.4,1.0,0.4,2.7,7.8,False,False
468,Milos Teodosic,15,0,10.0,1.1,2.7,0.55,1.1,2.1,0.2,0.1,1.8,3.2,False,False
469,Jared Terrell,14,0,7.9,0.9,2.8,0.359,0.4,0.9,0.2,0.1,1.1,2.2,False,False
470,Emanuel Terry,3,0,7.7,1.3,2.3,0.5710000000000001,2.3,0.7,1.0,0.0,1.3,3.3,False,False
471,Daniel Theis,66,2,13.8,2.2,4.0,0.598,3.4,1.0,0.3,0.6,2.4,5.7,False,False
472,Isaiah Thomas,12,0,15.1,2.8,8.3,0.40399999999999997,1.1,1.9,0.4,0.1,1.4,8.1,False,False
473,Khyri Thomas,26,0,7.5,0.8,2.7,0.391,0.8,0.3,0.3,0.2,0.8,2.3,False,False
474,Lance Thomas,46,17,17.0,1.7,4.3,0.452,2.5,0.6,0.4,0.2,1.8,4.5,False,False
475,Klay Thompson,78,78,34.0,8.4,18.0,0.5529999999999999,3.8,2.4,1.1,0.6,2.0,21.5,False,True
476,Tristan Thompson,43,40,27.9,4.7,8.8,0.529,10.2,2.0,0.7,0.4,2.1,10.9,False,False
477,Sindarius Thornwell,64,1,4.9,0.3,0.8,0.37799999999999995,0.7,0.3,0.2,0.1,0.6,1.0,False,False
478,Anthony Tolliver,65,0,16.6,1.5,4.0,0.539,2.7,0.7,0.3,0.3,1.4,5.0,False,False
479,Karl-Anthony Towns,77,77,33.1,8.8,17.1,0.5720000000000001,12.4,3.4,0.9,1.6,3.8,24.4,True,True
480,Gary Trent,15,1,7.4,1.1,3.3,0.37,0.7,0.3,0.1,0.1,0.3,2.7,False,False
481,Allonzo Trier,64,3,22.8,3.6,8.1,0.498,3.1,1.9,0.4,0.2,1.8,10.9,False,False
482,P.J. Tucker,82,82,34.2,2.5,6.4,0.535,5.8,1.2,1.6,0.5,3.1,7.3,False,False
483,Evan Turner,73,2,22.0,2.8,6.1,0.473,4.5,3.9,0.5,0.2,1.5,6.8,False,False
484,Myles Turner,74,74,28.6,5.1,10.5,0.536,7.2,1.6,0.8,2.7,2.6,13.3,False,False
485,Ekpe Udoh,51,1,6.3,1.0,1.4,0.6940000000000001,1.8,0.5,0.2,0.6,0.7,2.3,False,False
486,Tyler Ulis,1,0,1.0,0.0,0.0,0.0,0.0,0.0,0.0,0.0,0.0,0.0,False,False
487,Jonas Valanciunas,49,27,22.3,6.1,11.0,0.5720000000000001,8.6,1.4,0.4,1.1,3.0,15.6,False,False
488,Jarred Vanderbilt,17,0,4.1,0.5,1.1,0.474,1.4,0.2,0.4,0.1,0.5,1.4,False,False
489,Fred VanVleet,64,28,27.5,3.8,9.4,0.503,2.6,4.8,0.9,0.3,1.7,11.0,False,False
490,Noah Vonleh,68,57,25.3,3.0,6.5,0.523,7.8,1.9,0.7,0.8,2.6,8.4,False,False
491,Nikola Vucevic,80,80,31.4,8.8,16.9,0.5489999999999999,12.0,3.8,1.0,1.1,2.0,20.8,True,True
492,Dwyane Wade,72,2,26.2,5.8,13.3,0.478,4.0,4.2,0.8,0.5,1.6,15.0,False,False
493,Moritz Wagner,43,5,10.4,1.7,4.0,0.48,2.0,0.6,0.3,0.3,1.3,4.8,False,False
494,Dion Waiters,44,28,25.9,4.5,10.9,0.528,2.6,2.8,0.7,0.2,1.6,12.0,False,False
495,Kemba Walker,82,82,34.9,8.9,20.5,0.511,4.4,5.9,1.2,0.4,1.6,25.6,True,True
496,Lonnie Walker,17,0,6.9,0.9,2.7,0.402,1.0,0.5,0.4,0.2,0.4,2.6,False,False
497,John Wall,32,32,34.5,7.7,17.3,0.49,3.6,8.7,1.5,0.9,2.2,20.7,False,False
498,Tyrone Wallace,62,0,10.1,1.5,3.5,0.433,1.6,0.7,0.3,0.1,1.3,3.5,False,False
499,Taurean Waller-Prince,55,47,28.2,4.8,10.8,0.545,3.6,2.1,1.0,0.3,2.6,13.5,False,False
500,Brad Wanamaker,36,0,9.5,1.4,2.9,0.552,1.1,1.6,0.3,0.1,0.9,3.9,False,False
501,T.J. Warren,43,36,31.6,6.9,14.2,0.5489999999999999,4.0,1.5,1.2,0.7,2.8,18.0,False,False
502,Julian Washburn,18,3,14.1,0.9,2.7,0.385,2.3,0.8,0.7,0.1,0.9,2.2,False,False
503,Yuta Watanabe,15,0,11.6,1.0,3.4,0.314,2.1,0.5,0.3,0.1,0.7,2.6,False,False
504,Thomas Welsh,11,0,3.3,0.6,1.2,0.654,0.4,0.5,0.0,0.0,0.3,1.6,False,False
505,Russell Westbrook,73,73,36.0,8.6,20.2,0.46799999999999997,11.1,10.7,1.9,0.5,3.4,22.9,True,True
506,Derrick White,67,55,25.8,3.9,8.1,0.523,3.7,3.9,1.0,0.7,2.2,9.9,False,False
507,Okaro White,3,0,2.0,0.0,0.7,0.0,0.7,0.0,0.0,0.0,0.0,0.0,False,False
508,Hassan Whiteside,72,53,23.3,5.4,9.4,0.5720000000000001,11.3,0.8,0.6,1.9,2.7,12.3,False,False
509,Andrew Wiggins,73,73,34.8,6.8,16.6,0.461,4.8,2.5,1.0,0.7,2.1,18.1,False,False
510,Alan Williams,5,0,5.2,1.6,2.6,0.615,3.8,0.6,0.2,0.0,0.4,3.6,False,False
511,C.J. Williams,15,0,8.5,1.1,2.3,0.557,0.5,0.8,0.4,0.0,1.1,2.6,False,False
512,Johnathan Williams,24,0,15.5,2.7,4.6,0.591,4.1,0.5,0.3,0.3,2.6,6.5,False,False
513,Kenrich Williams,46,29,23.5,2.3,6.1,0.47700000000000004,4.8,1.8,1.0,0.4,2.1,6.1,False,False
514,Lou Williams,75,1,26.6,6.5,15.2,0.47100000000000003,3.0,5.4,0.8,0.1,1.1,20.0,False,False
515,Marvin Williams,75,75,28.4,3.7,8.7,0.529,5.4,1.2,0.9,0.8,2.1,10.1,False,False
516,Robert Williams,32,2,8.8,1.1,1.6,0.706,2.5,0.2,0.3,1.3,1.1,2.5,False,False
517,Troy Williams,21,0,14.9,2.1,4.7,0.52,2.8,0.5,0.5,0.4,1.8,5.3,False,False
518,D.J. Wilson,48,3,18.4,2.2,5.2,0.506,4.6,1.1,0.4,0.4,1.8,5.8,False,False
519,Justise Winslow,66,52,29.7,4.9,11.3,0.49700000000000005,5.4,4.3,1.1,0.3,2.7,12.6,False,False
520,Christian Wood,21,2,12.0,2.9,5.6,0.56,4.0,0.4,0.3,0.5,0.8,8.2,False,False
521,Delon Wright,75,13,22.7,3.2,7.4,0.478,3.5,3.3,1.2,0.4,1.4,8.7,False,False
522,Guerschon Yabusele,41,1,6.1,0.9,1.9,0.513,1.3,0.4,0.2,0.2,0.8,2.3,False,False
523,Nick Young,4,0,9.3,0.8,2.3,0.5,0.3,0.5,0.0,0.3,1.0,2.3,False,False
524,Thaddeus Young,81,81,30.7,5.5,10.4,0.557,6.5,2.5,1.5,0.4,2.4,12.6,False,False
525,Trae Young,81,81,30.9,6.5,15.5,0.48,3.7,8.1,0.9,0.2,1.7,19.1,False,False
526,Cody Zeller,49,47,25.4,3.9,7.0,0.5589999999999999,6.8,2.1,0.8,0.8,3.3,10.1,False,False
527,Tyler Zeller,6,1,15.5,2.7,5.0,0.5329999999999999,4.0,0.7,0.2,0.5,3.3,7.7,False,False
528,Ante Zizic,59,25,18.3,3.1,5.6,0.5529999999999999,5.4,0.9,0.2,0.4,1.9,7.8,False,False
529,Ivica Zubac,59,37,17.6,3.6,6.4,0.5589999999999999,6.1,1.1,0.2,0.9,2.3,8.9,False,False
